{
    "accuracy": 0.670299727520436,
    "auroc": 0.7068998355988612
}