{
    "train_accs": [
        0.7041820418204182,
        0.7017220172201722,
        0.7026445264452644,
        0.7014145141451414,
        0.7015063018751921,
        0.6993544420534891,
        0.6978173993237012,
        0.70304334460498,
        0.706732247156471,
        0.7039655702428528
    ],
    "test_accs": [
        0.6325966850828729,
        0.6574585635359116,
        0.6629834254143646,
        0.6325966850828729,
        0.6620498614958449,
        0.6869806094182825,
        0.6454293628808865,
        0.6398891966759003,
        0.6592797783933518,
        0.6232686980609419
    ],
    "mean_acc": 0.6502532866041231,
    "min_acc": 0.6232686980609419,
    "max_acc": 0.6869806094182825,
    "acc_std": 0.01807171601596645,
    "auroc": 0.7615510028300726,
    "confusion": [
        125,
        47,
        66,
        123
    ]
}