{
    "train_accs": [
        0.5913284132841329,
        0.5870233702337023,
        0.5904059040590406,
        0.5900984009840098,
        0.5886873655087611,
        0.5936059022440824,
        0.5899169996925915,
        0.5862280971411005,
        0.5905318167845066,
        0.5865355056870581
    ],
    "test_accs": [
        0.5662983425414365,
        0.5994475138121547,
        0.574585635359116,
        0.585635359116022,
        0.5983379501385041,
        0.556786703601108,
        0.592797783933518,
        0.6204986149584487,
        0.5817174515235457,
        0.6149584487534626
    ],
    "mean_acc": 0.5891063803737316,
    "min_acc": 0.019240201671076283,
    "max_acc": 0.6204986149584487,
    "acc_std": 0.556786703601108,
    "auroc": 0.7331943157244363,
    "confusion": [
        187,
        8,
        129,
        37
    ]
}