{
    "accuracy": 0.6003633060853769,
    "auroc": 0.6925414678482162
}