{
    "train_accs": [
        0.7764452644526445,
        0.7792127921279213,
        0.777060270602706,
        0.7789052890528906,
        0.7734399016292653,
        0.7755917614509683,
        0.778051029818629,
        0.7783584383645865,
        0.7719028588994774,
        0.7792806640024593
    ],
    "test_accs": [
        0.6740331491712708,
        0.7044198895027625,
        0.6823204419889503,
        0.6685082872928176,
        0.6786703601108033,
        0.703601108033241,
        0.6814404432132964,
        0.6759002770083102,
        0.6952908587257618,
        0.631578947368421
    ],
    "mean_acc": 0.6795763762415634,
    "min_acc": 0.631578947368421,
    "max_acc": 0.7044198895027625,
    "acc_std": 0.019808218495445628,
    "auroc": 0.7604433208989735,
    "confusion": [
        143,
        56,
        51,
        112
    ]
}