{
    "accuracy": 0.6884650317892824,
    "auroc": 0.7386255797479183
}