{
    "accuracy": 0.6548592188919165,
    "auroc": 0.6979312856703691
}