{
    "train_accs": [
        0.6752767527675276,
        0.672509225092251,
        0.6675891758917589,
        0.6771217712177122,
        0.6762988011066707,
        0.6713802643713496,
        0.6775284352905011,
        0.6723024900092223,
        0.6707654472794343,
        0.6775284352905011
    ],
    "test_accs": [
        0.643646408839779,
        0.6602209944751382,
        0.7044198895027625,
        0.6408839779005525,
        0.6648199445983379,
        0.6842105263157895,
        0.6343490304709142,
        0.6759002770083102,
        0.6814404432132964,
        0.6426592797783933
    ],
    "mean_acc": 0.6632550772103274,
    "min_acc": 0.6343490304709142,
    "max_acc": 0.7044198895027625,
    "acc_std": 0.021864693161382953,
    "auroc": 0.7472645684779936,
    "confusion": [
        144,
        52,
        55,
        111
    ]
}